Workbook

Sheet RTM
A1: ID требования | B1: Тип | C1: Требование (SRS) | D1: Пр. | E1: ↑ Бизнес-цель (PRD) | F1: ↑ Метрика (PRD) | G1: ↑ User Story | H1: ↑ Критерий приёмки | I1: ↓ Тест-кейсы | J1: Статус теста (план) | K1: Проверка
A2: FR-01 | B2: FR | C2: После звонка бот сохраняет бронь; статус зависит от итога звонка | D2: M | E2: BG-1 | F2: M-1 | G2: US-03 | H2: AC-03.1 | I2: TC-01, TC-05 | J2: Запланирован | K2: =IF(AND(LEFT(E2,3)="BG-",COUNTIF('Тест-кейсы'!A:A,LEFT(I2,5))>0),"OK","СИРОТА") -> OK
A3: FR-02 | B3: FR | C3: Каждая попытка переноса или отмены записывается в историю брони | D3: M | E3: BG-3 | F3: G-1 | G3: US-09 | H3: AC-09.1 | I3: TC-02, TC-15 | J3: Запланирован | K3: =IF(AND(LEFT(E3,3)="BG-",COUNTIF('Тест-кейсы'!A:A,LEFT(I3,5))>0),"OK","СИРОТА") -> OK
A4: FR-03 | B4: FR | C4: /bookings показывает активные брони по дате с кнопкой «Подробнее» | D4: M | E4: BG-1 | F4: M-1 | G4: US-08 | H4: AC-08.1, AC-08.2 | I4: TC-03 | J4: Запланирован | K4: =IF(AND(LEFT(E4,3)="BG-",COUNTIF('Тест-кейсы'!A:A,LEFT(I4,5))>0),"OK","СИРОТА") -> OK
A5: FR-04 | B5: FR | C5: «Подробнее» открывает карточку брони с историей, новые записи сверху | D5: M | E5: BG-3 | F5: G-1 | G5: US-09 | H5: AC-09.1 | I5: TC-04 | J5: Запланирован | K5: =IF(AND(LEFT(E5,3)="BG-",COUNTIF('Тест-кейсы'!A:A,LEFT(I5,5))>0),"OK","СИРОТА") -> OK
A6: FR-05 | B6: FR | C6: «Как в прошлый раз» подставляет ресторан, телефон и гостей из прошлой брони | D6: M | E6: BG-1 | F6: M-1, P-1 | G6: US-03 | H6: AC-03.1, AC-03.2, AC-03.3 | I6: TC-05, TC-06, TC-07 | J6: Запланирован | K6: =IF(AND(LEFT(E6,3)="BG-",COUNTIF('Тест-кейсы'!A:A,LEFT(I6,5))>0),"OK","СИРОТА") -> OK
A7: FR-06 | B7: FR | C7: Бот находит нужную бронь по фразе (4 ветки) | D7: M | E7: BG-1 | F7: M-1, P-1 | G7: US-01, US-02 | H7: AC-01.1, AC-02.1 | I7: TC-08, TC-11, TC-13, TC-14, TC-15, TC-34 | J7: Запланирован | K7: =IF(AND(LEFT(E7,3)="BG-",COUNTIF('Тест-кейсы'!A:A,LEFT(I7,5))>0),"OK","СИРОТА") -> OK
A8: FR-07 | B8: FR | C8: Если подходит несколько броней, бот даёт выбрать кнопками и не звонит | D8: M | E8: BG-3 | F8: G-1 | G8: US-04 | H8: AC-04.1, AC-04.2 | I8: TC-11, TC-12 | J8: Запланирован | K8: =IF(AND(LEFT(E8,3)="BG-",COUNTIF('Тест-кейсы'!A:A,LEFT(I8,5))>0),"OK","СИРОТА") -> OK
A9: FR-08 | B9: FR | C9: На прошедшую бронь бот отвечает по шаблону и не звонит | D9: M | E9: BG-3 | F9: G-1 | G9: US-06 | H9: AC-06.1 | I9: TC-13 | J9: Запланирован | K9: =IF(AND(LEFT(E9,3)="BG-",COUNTIF('Тест-кейсы'!A:A,LEFT(I9,5))>0),"OK","СИРОТА") -> OK
A10: FR-09 | B10: FR | C10: Если брони нет, бот отвечает по шаблону и не звонит | D10: M | E10: BG-3 | F10: G-1 | G10: US-07 | H10: AC-07.1, AC-07.2 | I10: TC-14, TC-33 | J10: Запланирован | K10: =IF(AND(LEFT(E10,3)="BG-",COUNTIF('Тест-кейсы'!A:A,LEFT(I10,5))>0),"OK","СИРОТА") -> OK
A11: FR-10 | B11: FR | C11: Перенос: экран «было → станет», звонок только после «Подтвердить» | D11: M | E11: BG-1, BG-3, BG-4 | F11: M-1, P-1, G-1, G-3 | G11: US-01 | H11: AC-01.1, AC-01.2, AC-01.3 | I11: TC-08, TC-09, TC-10 | J11: Запланирован | K11: =IF(AND(LEFT(E11,3)="BG-",COUNTIF('Тест-кейсы'!A:A,LEFT(I11,5))>0),"OK","СИРОТА") -> OK
A12: FR-11 | B12: FR | C12: Отмена: экран подтверждения, звонок, статус «отменена» | D12: M | E12: BG-1, BG-4 | F12: M-1, P-1, G-3 | G12: US-02 | H12: AC-02.1, AC-02.2, AC-02.3 | I12: TC-15, TC-16 | J12: Запланирован | K12: =IF(AND(LEFT(E12,3)="BG-",COUNTIF('Тест-кейсы'!A:A,LEFT(I12,5))>0),"OK","СИРОТА") -> OK
A13: FR-12 | B13: FR | C13: Если ресторан не согласился, бронь не меняется, пользователь получает причину | D13: M | E13: BG-3 | F13: G-1 | G13: US-05 | H13: AC-05.1, AC-05.2, AC-05.3 | I13: TC-17, TC-18, TC-19 | J13: Запланирован | K13: =IF(AND(LEFT(E13,3)="BG-",COUNTIF('Тест-кейсы'!A:A,LEFT(I13,5))>0),"OK","СИРОТА") -> OK
... A32: NFR-09 | B32: NFR | C32: Данные в ru-central1 с шифрованием; администратор не читает таблицы памяти | D32: M | E32: BG-3 | F32: G-2 | G32: — (BG-3, ограничение C-4) | H32: — | I32: TC-38 | J32: Запланирован | K32: =IF(AND(LEFT(E32,3)="BG-",COUNTIF('Тест-кейсы'!A:A,LEFT(I32,5))>0),"OK","СИРОТА") -> OK

Sheet Тест-кейсы
A1: ID теста | B1: Название | C1: Предусловия | D1: Шаги | E1: Ожидаемый результат | F1: ↑ Требования | G1: ↑ Критерий приёмки | H1: Проверка
A2: TC-01 | B2: Бронь и статус по итогу звонка | C2: Пользователь зарегистрирован, лимит сброшен перед каждой серией | D2: 20 звонков по новой брони, по 5 на исход: согласие, отказ, timeout / обрыв, cancelled | E2: Для первых трёх исходов — по одной новой брони со статусом «подтверждена» / «отклонена» / «не дозвонились», поля, кроме пожеланий, заполнены; для cancelled новых броней 0 | F2: FR-01 | G2: — | H2: =IF(COUNTIF(RTM!I:I,"*"&A2&"*")>0,"OK","НЕТ ТРЕБ.") -> OK
A3: TC-02 | B3: История хранится | C3: Бронь на 19:00 подтверждена | D3: Перенос на 20:00, ресторан согласен | E3: В истории запись 19:00 → 20:00 с временем и итогом; старые записи не изменились | F3: FR-02 | G3: AC-09.1 | H3: =IF(COUNTIF(RTM!I:I,"*"&A3&"*")>0,"OK","НЕТ ТРЕБ.") -> OK
A4: TC-03 | B4: Список /bookings | C4: 3 активные, 1 прошедшая, 1 отменённая бронь; второй пользователь без броней | D4: Отправить /bookings от обоих | E4: 3 брони по возрастанию даты, с датой, временем, гостями, статусом и «Подробнее»; у второго — «Активных броней нет» | F4: FR-03 | G4: AC-08.1, AC-08.2 | H4: =IF(COUNTIF(RTM!I:I,"*"&A4&"*")>0,"OK","НЕТ ТРЕБ.") -> OK
A5: TC-04 | B5: Карточка с историей | C5: Бронь переносили 19:00 → 20:00, потом 20:00 → 21:00 | D5: В /bookings нажать «Подробнее» | E5: Две записи, первой идёт «20:00 → 21:00»; у каждой дата изменения и итог звонка | F5: FR-04 | G5: AC-09.1 | H5: =IF(COUNTIF(RTM!I:I,"*"&A5&"*")>0,"OK","НЕТ ТРЕБ.") -> OK
A6: TC-05 | B6: «Как в прошлый раз»: подстановка | C6: Прошлая бронь в «Пушкин» на 2 гостей | D6: «забронируй как в прошлый раз в Пушкине на пятницу в 19:00» → «Подтвердить», ресторан согласен | E6: На экране ресторан, телефон, 2 гостя, вопросов о них нет; после звонка в YDB новая бронь со статусом «подтверждена» | F6: FR-05, FR-01 | G6: AC-03.1 | H6: =IF(COUNTIF(RTM!I:I,"*"&A6&"*")>0,"OK","НЕТ ТРЕБ.") -> OK
A7: TC-06 | B7: «Как в прошлый раз»: без времени | C7: То же + факт «время: 19:00»; второй пользователь с той же прошлой бронью без факта | D7: «забронируй как в прошлый раз в Пушкине на пятницу»; от второго — «как в прошлый раз в Пушкине» | E7: Первому — вопрос «На какое время?» и кнопка «19:00»; второму — вопрос о дате, затем о времени без кнопки | F7: FR-05 | G7: AC-03.2 | H7: =IF(COUNTIF(RTM!I:I,"*"&A7&"*")>0,"OK","НЕТ ТРЕБ.") -> OK
A8: TC-07 | B8: «Как в прошлый раз»: нет истории | C8: В «Кафе Z» броней не было | D8: «как в прошлый раз в Кафе Z» | E8: «Не нашёл прошлых броней в „Кафе Z“. Напишите, когда и на сколько человек бронировать»; звонков 0 | F8: FR-05 | G8: AC-03.3 | H8: =IF(COUNTIF(RTM!I:I,"*"&A8&"*")>0,"OK","НЕТ ТРЕБ.") -> OK
A9: TC-08 | B9: Перенос: экран «было → станет» | C9: Одна активная бронь 03.10 19:00 на 2, «тихий зал» | D9: «перенеси встречу в ресторане на час позже» | E9: «19:00 → 20:00, 03.10, 2 гостя, тихий зал», кнопки «Подтвердить» / «Не менять»; звонков 0 | F9: FR-06, FR-10 | G9: AC-01.1 | H9: =IF(COUNTIF(RTM!I:I,"*"&A9&"*")>0,"OK","НЕТ ТРЕБ.") -> OK
A10: TC-09 | B10: Перенос: подтверждение | C10: Экран из TC-08 | D10: «Подтвердить», ресторан согласен | E10: 1 звонок; бронь на 20:00; пользователь получил обновлённую карточку | F10: FR-10 | G10: AC-01.2 | H10: =IF(COUNTIF(RTM!I:I,"*"&A10&"*")>0,"OK","НЕТ ТРЕБ.") -> OK
A11: TC-10 | B11: Перенос: «Не менять» | C11: Экран из TC-08 | D11: Нажать «Не менять» | E11: Звонков 0, бронь та же | F11: FR-10 | G11: AC-01.3 | H11: =IF(COUNTIF(RTM!I:I,"*"&A11&"*")>0,"OK","НЕТ ТРЕБ.") -> OK
A12: TC-11 | B12: Несколько броней: кнопки | C12: Две активные брони на субботу | D12: «перенеси субботнюю бронь на 21:00» | E12: «Какую бронь?» и 2 кнопки; звонков 0 | F12: FR-06, FR-07 | G12: AC-04.1 | H12: =IF(COUNTIF(RTM!I:I,"*"&A12&"*")>0,"OK","НЕТ ТРЕБ.") -> OK
A13: TC-12 | B13: Несколько броней: выбор | C13: Кнопки из TC-11 | D13: Нажать вторую бронь | E13: Экран переноса именно второй брони | F13: FR-07 | G13: AC-04.2 | H13: =IF(COUNTIF(RTM!I:I,"*"&A13&"*")>0,"OK","НЕТ ТРЕБ.") -> OK
... A39: TC-38 | B39: Регион и доступ | C39: Конфигурация Terraform и IAM | D39: Проверить регион и шифрование YDB; прочитать таблицы памяти под ролью администратора | E39: Регион ru-central1, шифрование включено; чтение — отказ в доступе | F39: NFR-09 | G39: — | H39: =IF(COUNTIF(RTM!I:I,"*"&A39&"*")>0,"OK","НЕТ ТРЕБ.") -> OK

Sheet US → SRS
A1: ID истории | B1: История (кратко) | C1: ↑ Бизнес-цель | D1: Критерии приёмки | E1: ↓ Требования SRS | F1: Проверка
A2: US-01 | B2: Перенести бронь одной фразой | C2: BG-1 | D2: AC-01.1, AC-01.2, AC-01.3 | E2: FR-06, FR-10 | F2: =IF(COUNTIF(RTM!G:G,"*"&A2&"*")>0,"OK","НЕТ ТРЕБ.") -> OK
A3: US-02 | B3: Отменить бронь одной фразой | C3: BG-1 | D3: AC-02.1, AC-02.2, AC-02.3 | E3: FR-06, FR-11 | F3: =IF(COUNTIF(RTM!G:G,"*"&A3&"*")>0,"OK","НЕТ ТРЕБ.") -> OK
A4: US-03 | B4: Забронировать «как в прошлый раз» | C4: BG-1 | D4: AC-03.1, AC-03.2, AC-03.3 | E4: FR-01, FR-05 | F4: =IF(COUNTIF(RTM!G:G,"*"&A4&"*")>0,"OK","НЕТ ТРЕБ.") -> OK
A5: US-04 | B5: Выбрать бронь, если подходит несколько | C5: BG-3 | D5: AC-04.1, AC-04.2 | E5: FR-07, NFR-05 | F5: =IF(COUNTIF(RTM!G:G,"*"&A5&"*")>0,"OK","НЕТ ТРЕБ.") -> OK
A6: US-05 | B6: Узнать, что ресторан не согласился | C6: BG-3 | D6: AC-05.1, AC-05.2, AC-05.3 | E6: FR-12 | F6: =IF(COUNTIF(RTM!G:G,"*"&A6&"*")>0,"OK","НЕТ ТРЕБ.") -> OK
A7: US-06 | B7: Не тратить звонок на прошедшую бронь | C7: BG-3 | D7: AC-06.1 | E7: FR-08 | F7: =IF(COUNTIF(RTM!G:G,"*"&A7&"*")>0,"OK","НЕТ ТРЕБ.") -> OK
A8: US-07 | B8: Узнать, что такой брони у бота нет | C8: BG-3 | D8: AC-07.1, AC-07.2 | E8: FR-09, NFR-03 | F8: =IF(COUNTIF(RTM!G:G,"*"&A8&"*")>0,"OK","НЕТ ТРЕБ.") -> OK
A9: US-08 | B9: Посмотреть свои будущие брони | C9: BG-1 | D9: AC-08.1, AC-08.2 | E9: FR-03 | F9: =IF(COUNTIF(RTM!G:G,"*"&A9&"*")>0,"OK","НЕТ ТРЕБ.") -> OK
A10: US-09 | B10: Посмотреть историю изменений брони | C10: BG-3 | D10: AC-09.1 | E10: FR-02, FR-04 | F10: =IF(COUNTIF(RTM!G:G,"*"&A10&"*")>0,"OK","НЕТ ТРЕБ.") -> OK
A11: US-10 | B11: Не повторять пожелания в новой брони | C11: BG-2 | D11: AC-10.1, AC-10.2 | E11: FR-16 | F11: =IF(COUNTIF(RTM!G:G,"*"&A11&"*")>0,"OK","НЕТ ТРЕБ.") -> OK
A12: US-11 | B12: Не заполнять пожелания вручную | C12: BG-2 | D12: AC-11.1, AC-11.2 | E12: FR-13, FR-14, NFR-06 | F12: =IF(COUNTIF(RTM!G:G,"*"&A12&"*")>0,"OK","НЕТ ТРЕБ.") -> OK
A13: US-12 | B13: Отменить то, что бот запомнил по ошибке | C13: BG-3 | D13: AC-12.1 | E13: FR-14 | F13: =IF(COUNTIF(RTM!G:G,"*"&A13&"*")>0,"OK","НЕТ ТРЕБ.") -> OK
... A18: US-17 | B18: Очистить память целиком | C18: BG-3 | D18: AC-17.1, AC-17.2, AC-17.3 | E18: FR-19, NFR-04 | F18: =IF(COUNTIF(RTM!G:G,"*"&A18&"*")>0,"OK","НЕТ ТРЕБ.") -> OK

Sheet Бизнес-цели
A1: ID | B1: Бизнес-цель (PRD) | C1: ↓ Требований со ссылкой | D1: Проверка
A2: BG-1 | B2: Сократить время пользователя на повторное поручение: перенос, отмену, новую бронь в знакомом ресторане | C2: =COUNTIF(RTM!E:E,"*"&A2&"*") -> 7 | D2: =IF(C2>0,"Закрыта","НЕ ЗАКРЫТА") -> Закрыта
A3: BG-2 | B3: Не заставлять пользователя повторять постоянные пожелания | C3: =COUNTIF(RTM!E:E,"*"&A3&"*") -> 6 | D3: =IF(C3>0,"Закрыта","НЕ ЗАКРЫТА") -> Закрыта
A4: BG-3 | B4: Сохранить доверие: бот меняет только нужную бронь, звонит только после подтверждения, сообщает результат со слов ресторана, даёт управлять памятью | C4: =COUNTIF(RTM!E:E,"*"&A4&"*") -> 17 | D4: =IF(C4>0,"Закрыта","НЕ ЗАКРЫТА") -> Закрыта
A5: BG-4 | B5: Не ухудшить качество звонков, скорость ответа и экономику | C5: =COUNTIF(RTM!E:E,"*"&A5&"*") -> 9 | D5: =IF(C5>0,"Закрыта","НЕ ЗАКРЫТА") -> Закрыта

Sheet Метрики
A1: ID | B1: Тип | C1: Метрика | D1: Цель | E1: ↑ Бизнес-цель | F1: Как измеряем | G1: ↓ Требований со ссылкой | H1: Проверка
A2: M-1 | B2: Главная | C2: Медианное время на повторное поручение | D2: −30% к текущему боту | E2: BG-1 | F2: Тест «до и после» на 8 респондентах, порядок ботов чередуем; в пилоте — task_started → task_confirmed для повторных поручений (FR-22) | G2: =COUNTIF(RTM!F:F,"*"&A2&"*") -> 7 | H2: =IF(G2>0,"Покрыта","НЕ ПОКРЫТА") -> Покрыта
A3: P-1 | B3: Прокси | C3: Доля повторных поручений, запущенных за ≤ 2 текстовых сообщения | D3: ≥ 70% | E3: BG-1 | F3: message_received между task_started и task_confirmed, task_type = повтор / перенос / отмена (FR-22) | G3: =COUNTIF(RTM!F:F,"*"&A3&"*") -> 5 | H3: =IF(G3>0,"Покрыта","НЕ ПОКРЫТА") -> Покрыта
A4: P-2 | B4: Прокси | C4: Доля новых броней с подставленным и не убранным пожеланием | D4: ≥ 60% | E4: BG-2 | F4: preference_applied и preference_excluded, task_type = новая бронь / повтор (FR-22) | G4: =COUNTIF(RTM!F:F,"*"&A4&"*") -> 6 | H4: =IF(G4>0,"Покрыта","НЕ ПОКРЫТА") -> Покрыта
A5: G-1 | B5: Guardrail | C5: Доля ошибочных действий среди переносов и отмен | D5: ≤ 1%; звонков без подтверждения 0 | E5: BG-3 | F5: Автоматически: call_started без task_confirmed (FR-22); вручную: разметка всех переносов и отмен в пилоте | G5: =COUNTIF(RTM!F:F,"*"&A5&"*") -> 10 | H5: =IF(G5>0,"Покрыта","НЕ ПОКРЫТА") -> Покрыта
A6: G-2 | B6: Guardrail | C6: Доля активных пользователей, очистивших память целиком | D6: ≤ 10% за пилот | E6: BG-3 | F6: memory_cleared (FR-22) | G6: =COUNTIF(RTM!F:F,"*"&A6&"*") -> 8 | H6: =IF(G6>0,"Покрыта","НЕ ПОКРЫТА") -> Покрыта
A7: G-3 | B7: Guardrail | C7: Доля звонков с согласием ресторана | D7: ≥ 70% | E7: BG-4 | F7: call_result (FR-22) | G7: =COUNTIF(RTM!F:F,"*"&A7&"*") -> 4 | H7: =IF(G7>0,"Покрыта","НЕ ПОКРЫТА") -> Покрыта
A8: G-4 | B8: Guardrail | C8: p95 экрана подтверждения; прирост p95 остальных ответов; LLM-вызовы памяти на сообщение | D8: ≤ 3 с; ≤ +300 мс; ≤ 1 | E8: BG-4 | F8: response_latency_ms и llm_call (FR-22); прирост — нагрузочный тест TC-31; вызовы — TC-36 | G8: =COUNTIF(RTM!F:F,"*"&A8&"*") -> 4 | H8: =IF(G8>0,"Покрыта","НЕ ПОКРЫТА") -> Покрыта

Sheet Полнота
A1: Проверка | B1: Значение
A2: Всего требований (FR + NFR) | B2: =COUNTA(RTM!A2:A32) -> 31
A3: Требований без источника или теста (сироты) | B3: =COUNTIF(RTM!K2:K32,"СИРОТА") -> 0
A4: Всего тест-кейсов | B4: =COUNTA('Тест-кейсы'!A2:A39) -> 38
A5: Тестов, не указанных ни у одного требования | B5: =COUNTIF('Тест-кейсы'!H2:H39,"НЕТ ТРЕБ.") -> 0
A6: Всего историй | B6: =COUNTA('US → SRS'!A2:A18) -> 17
A7: Историй без требований | B7: =COUNTIF('US → SRS'!F2:F18,"НЕТ ТРЕБ.") -> 0
A8: Незакрытых бизнес-целей | B8: =COUNTIF('Бизнес-цели'!D2:D5,"НЕ ЗАКРЫТА") -> 0
A9: Непокрытых метрик | B9: =COUNTIF('Метрики'!H2:H8,"НЕ ПОКРЫТА") -> 0
A11: Скрипт сборки дополнительно сверил все ID с 2.1_PRD, 2.2_SRS и 2.3_UserStories: битых ссылок 0, тестами покрыты все критерии приёмки (34).
A12: Пример сквозной цепочки: BG-1 → M-1 → US-01 → AC-01.1 → FR-10 → TC-08, TC-09, TC-10.
A13: Легенда: ↑ — источник (откуда требование), ↓ — проверка (чем подтверждается).
A14: Статус «Запланирован»: тест-кейсы — план тестирования, фича ещё не реализована.
